id,slug,name,full_name,category,source_page_url,discovered_at,discovery_status,notes
1,ipho,IPhO,International Physics Olympiad,International,https://olimpicos.net/ipho/index.html,2026-10-03T20:06:00.006668+00:00,processed,"[""The oldest and best known of the physics olympiads, first held in Warsaw in 1967. Each country sends up to five students for a theoretical and an experimental exam. Many older exams contain errors, catalogued in Stefan Ivanov's errata list ."", ""Files collected from IPhO Website .""]"
2,eupho,EuPhO,European Physics Olympiad,International,https://olimpicos.net/eupho/index.html,2026-10-03T20:06:00.148330+00:00,processed,"[""First held in Tartu in 2017, and deliberately unlike IPhO: problems are set to be solvable in elegant ways rather than long ones. Theory is three problems in five hours, with a separate experimental exam."", ""Files collected from EuPhO Website .""]"
3,apho,APhO,Asian Physics Olympiad,International,https://olimpicos.net/apho/index.html,2026-10-03T20:06:00.213472+00:00,processed,"[""The Asian regional olympiad, first held in Indonesia in 2000. Teams are eight students rather than the five IPhO allows, and the exams are widely considered harder than IPhO's."", ""Files collected from APhO Website . Experimental exams collected via phoXiv.""]"
4,nbpho,NBPhO,Nordic-Baltic Physics Olympiad,International,https://olimpicos.net/nbpho/index.html,2026-10-03T20:06:00.308973+00:00,processed,"[""Began in 2003 as an Estonian and Finnish competition, joined by Latvia in 2014 and Sweden in 2016, when it took its present name. Around twenty students per country sit a single exam."", ""Files collected from NBPhO Website .""]"
5,oibf,OIbF,Olimpíada Ibero Americana de Física,International,https://olimpicos.net/oibf/index.html,2026-10-03T20:06:00.413798+00:00,processed,"[""First held in Bogotá in 1991, then lapsed for six years and resumed in Mexico in 1997. Teams of up to four sit a theoretical and an experimental exam, in Spanish and Portuguese."", ""Files collected from OIbF Website ."", ""Titles marked * are ours, for problems the exam left unnamed.""]"
6,rmph,RMPh,Romanian Master of Physics,International,https://olimpicos.net/rmph/index.html,2026-10-03T20:06:00.464235+00:00,processed,"[""An invitational olympiad in Bucharest, which began in 2010 as the physics side of the Romanian Master of Mathematics and Sciences and has been run on its own since 2015. Theoretical and experimental rounds."", ""Files collected from RMPh Website .""]"
7,wopho,WoPhO,World Physics Olympiad,International,https://olimpicos.net/wopho/index.html,2026-10-03T20:06:00.487742+00:00,processed,"[""Ran only three times, from 2011. The format was unusual: a months-long open selection round anyone could enter, then a discussion round, then a final on site, with 142 students from 15 countries at the first. The 2013 final never took place."", ""Files collected from WoPhO Website and the deepest parts of the Internet. The last three questions from 2011 and 2012 are from the final round of WoPhO, all the other problems are from the selection rounds. In 2013, the last year of the competition, only the selection round occurred.""]"
8,gpho,GPhO,Gulf Physics Olympiad,International,https://olimpicos.net/gpho/index.html,2026-10-03T20:06:00.504808+00:00,processed,"[""The Gulf regional olympiad, first held in Riyadh in 2016 and organised by ABEGS for the Gulf states. Three theory problems in five hours, plus a separate experimental exam."", ""Files collected from GPhO Website . Organised by the Arab Bureau of Education for the Gulf States . Problems by Jaan Kalda, solutions by Taavet Kalda. Held in 2016, 2017, 2019 and 2022 only.""]"
9,izho,IZhO,International Zhautykov Olympiad,International,https://olimpicos.net/izho/index.html,2026-10-03T20:06:00.525839+00:00,processed,"[""A multi-subject olympiad held every January in Almaty, with a theory and an experimental paper in physics."", ""Files collected from IZhO Website and phoXiv.""]"
10,ispho,ISPhO,International Scientific Physics Olympiad,International,https://olimpicos.net/ispho/index.html,2026-10-03T20:06:00.553073+00:00,processed,"[""An international olympiad run since 2023 by MIPT near Moscow, built around problems drawn from current research, with theoretical and experimental rounds."", ""Files collected from ISPhO Website and phoXiv.""]"
11,usapho,USAPhO,United States Physics Olympiad,National,https://olimpicos.net/usapho/index.html,2026-10-03T20:06:00.628221+00:00,processed,"[""The United States selection, run by AAPT since 1986. Thousands sit the F=ma exam; around 400 go on to the USAPhO, six problems in three hours, and twenty are picked for the team. Every sitting AAPT publishes is here, from F=ma to the training camp."", ""Files collected from USAPhO Website . The Semifinal and USAPhO papers and solutions for 2008 to 2024 are the corrected 2026 edition by Kevin Zhou , former US Physics Team coach, who revised them for AAPT. F=ma answer keys rather than worked solutions for 2008 to 2012 and 2017."", ""Titles marked * are ours, for problems the exam left unnamed.""]"
12,usatst,USA TST,USA Physics Team Selection Test,National,https://olimpicos.net/usatst/index.html,2026-10-03T20:06:00.768623+00:00,processed,"[""The last round of selection for the US IPhO team, sat at the Physics Team camp in Maryland; only a few years have been made public."", ""Files collected from USA TST Website and phoXiv.""]"
13,cpho-f,CPhO,Chinese Physics Olympiad (Finals),National,https://olimpicos.net/cpho-f/index.html,2026-10-03T20:06:00.780694+00:00,processed,"[""The final round of the Chinese national olympiad, from which the IPhO team is chosen. The English translations are by Evan Liao."", ""Files collected from CPhO Website and phoXiv. The English translations of the papers and solutions are by Evan Liao.""]"
14,panpho,PanPhO,Pan Pearl River Delta & Chinese Elite Schools Physics Olympiad,National,https://olimpicos.net/panpho/index.html,2026-10-03T20:06:00.813351+00:00,processed,"[""Run by HKUST since 2005 for secondary schools across the Pan Pearl River Delta, and sat simultaneously in Shenzhen, Hong Kong and Macau. Papers are bilingual in English and Chinese, and divided into a part of shorter problems and a part of two or three long ones."", ""Files collected from PanPhO Website . Papers up to 2017 come from the HKPhO archive ."", ""Titles marked * are ours, for problems the exam left unnamed.""]"
15,vosh,VsOSh,All-Russian Physics Olympiad,National,https://olimpicos.net/vosh/index.html,2026-10-03T20:06:00.864541+00:00,processed,"[""The final stage of the Russian national olympiad, the last of four rounds that begin in individual schools. Around 300 students reach it. Archived here is the grade 11 theoretical round; a practical round is also sat."", ""Files collected from VsOSh Website . Final stage, grade 11, theoretical round. Papers are in Russian."", ""Titles marked * are ours, for problems the exam left unnamed.""]"
16,rutst,Russia TST,Russian Physics Team Selection,National,https://olimpicos.net/rutst/index.html,2026-10-03T20:06:00.914550+00:00,processed,"[""The selection of the Russian IPhO team, run in two stages, X and Y, each with theory, experimental and data-analysis problems; W is a preparatory round for 10th graders. Papers are in Russian."", ""Files collected from Russia TST Website and phoXiv.""]"
17,mosphys,MOSh,Moscow Physics Olympiad,National,https://olimpicos.net/mosphys/index.html,2026-10-03T20:06:01.020208+00:00,processed,"[""First held in 1939, when 216 students entered and 28 reached the final, making it one of the oldest school physics competitions in Russia. Archived here is the final stage for grade 11, which is sat over two rounds."", ""Files collected from MOSh Website . Final stage, grade 11, both written tours. Papers are in Russian."", ""Titles marked * are ours, for problems the exam left unnamed.""]"
18,inpho,InPhO,Indian National Physics Olympiad,National,https://olimpicos.net/inpho/index.html,2026-10-03T20:06:01.069921+00:00,processed,"[""The second of five stages in the Indian selection, running since 1998. Some 300 to 400 students reach it out of the more than 40,000 who sit the NSEP screening exam below it."", ""Files collected from InPhO Website . The detailed solutions for 2011 and 2012 are by Ashmit Dutta, via phoXiv."", ""Titles marked * are ours, for problems the exam left unnamed.""]"
19,obf,OBF,Olimpíada Brasileira de Física,National,https://olimpicos.net/obf/index.html,2026-10-03T20:06:01.106205+00:00,processed,"[""First run nationally by the Brazilian Physics Society in 1999, when more than 13,000 students entered across 18 states. Archived here is the third phase, theoretical, Nível III, the last of three stages."", ""Files collected from OBF Website . Papers are in Portuguese. Gabaritos exist for 2006 and 2007 only."", ""Titles marked * are ours, for problems the exam left unnamed.""]"
20,brtst,SOIF,Seletiva das Olimpiadas Internacionais de Fisica,National,https://olimpicos.net/brtst/index.html,2026-10-03T20:06:01.131571+00:00,processed,"[""The selection that picks Brazil's IPhO team from the top finishers of the Brazilian Physics Olympiad. Archived here is the first selection round; a second round and an experimental round are also sat."", ""Files collected from SOIF Website . First selection round. Papers are in Portuguese, with official gabaritos.""]"
21,bpho,BPhO,British Physics Olympiad,National,https://olimpicos.net/bpho/index.html,2026-10-03T20:06:01.160404+00:00,processed,"[""The UK's olympiad for sixth-formers: Round 1, sat in school in November, and Round 2, the invitation-only paper from which the IPhO team is chosen."", ""Files collected from BPhO Website and phoXiv.""]"
22,onf,ONF,Olimpiada Nationala de Fizica,National,https://olimpicos.net/onf/index.html,2026-10-03T20:06:01.253932+00:00,processed,"[""The national stage of the Romanian olympiad, the last of three rounds that begin at school and county level. Archived here is the grade 12 theoretical exam; a practical exam is also sat."", ""Files collected from ONF Website . National stage, class XII, theoretical paper. Papers are in Romanian."", ""Titles marked * are ours, for problems the exam left unnamed.""]"
23,upho,UPhO,All-Ukrainian Physics Olympiad,National,https://olimpicos.net/upho/index.html,2026-10-03T20:06:01.278279+00:00,processed,"[""Ukraine's national olympiad, held each spring with theoretical and experimental rounds for every grade; here is the 11th-grade theory paper."", ""Files collected from UPhO Website and phoXiv.""]"
24,eotvos,Eötvös,Eötvös Loránd Physics Competition,National,https://olimpicos.net/eotvos/index.html,2026-10-03T20:06:01.289888+00:00,processed,"[""One of the oldest physics competitions anywhere, first held in the autumn of 1916. It was started because the Eötvös Competition of 1894 had become purely mathematical. That first year was won by György Jendrassik, with Leó Szilárd second and Eugene Wigner commended."", ""Files collected from Eötvös Website . Papers are in Hungarian. Official solutions are not published alongside the papers: they appear in each year's competition report (KöMaL, Fizikai Szemle), linked from the ELFT archive ."", ""Titles marked * are ours, for problems the exam left unnamed.""]"
25,fyziklani,Fyziklani,FYKOS Fyziklani,National,https://olimpicos.net/fyziklani/index.html,2026-10-03T20:06:01.365394+00:00,processed,"[""FYKOS's in-person team competition in Prague, held since 2006. Teams of up to five get three hours, starting with seven problems and unlocking harder ones as they solve them."", ""Files collected from Fyziklani Website . Booklets before 2018 are in Czech. Published by FYKOS under CC BY-SA 3.0 ."", ""Titles marked * are ours, for problems the exam left unnamed.""]"
26,efo,EFO,Eesti Fuusika Olumpiaad,National,https://olimpicos.net/efo/index.html,2026-10-03T20:06:01.544072+00:00,processed,"[""The final round of the Estonian olympiad, reached through a regional round. Archived here is the gymnasium level, in Estonian. The exams are also published in Russian, and a lower age group sits its own version."", ""Files collected from EFO Website . Final round, gymnasium level. Papers are in Estonian."", ""Titles marked * are ours, for problems the exam left unnamed.""]"
27,twpho-tst,TwPhO TST,Taiwan Physics Olympiad Team Selection,National,https://olimpicos.net/twpho-tst/index.html,2026-10-03T20:06:01.603228+00:00,processed,"[""Taiwan's selection for the IPhO team, run in two written rounds. Around 3,500 students sit the first; some 300 go through to the second, from which about 30 are chosen. Archived here is the second round."", ""Files collected from TwPhO TST Website . Second selection round. Papers are in Chinese, with official marking schemes."", ""Titles marked * are ours, for problems the exam left unnamed.""]"
28,twpho-camp,TwPhO Camp,Taiwan Physics Olympiad Selection Camp,National,https://olimpicos.net/twpho-camp/index.html,2026-10-03T20:06:01.629675+00:00,processed,"[""The last round of Taiwan's IPhO selection, sat by about thirty students at a training camp: two written exams and a mock APhO. Papers are in Chinese."", ""Files collected from TwPhO Camp Website and phoXiv.""]"
29,spho,SPhO,Singapore Physics Olympiad,National,https://olimpicos.net/spho/index.html,2026-10-03T20:06:01.649462+00:00,processed,"[""The first round of Singapore's selection for the IPhO, sat as written papers in the schools."", ""Files collected from SPhO Website and phoXiv.""]"
30,spho-tst,SPhO TST,Singapore Physics Team Selection Test,National,https://olimpicos.net/spho-tst/index.html,2026-10-03T20:06:01.668868+00:00,processed,"[""The test from which Singapore picks its IPhO and APhO teams, one long written paper sat after the SPhO."", ""Files collected from SPhO TST Website and phoXiv.""]"
31,sjpo,SJPO,Singapore Junior Physics Olympiad,National,https://olimpicos.net/sjpo/index.html,2026-10-03T20:06:01.682060+00:00,processed,"[""An algebra-based olympiad for Singapore's secondary schools; the papers here are its general round, fifty multiple-choice questions in two hours."", ""Files collected from SJPO Website and phoXiv. The 2022 and 2024 solutions are by PD Stem Education.""]"
32,kphc,KPhC,Korean Middle School Physics Competition,National,https://olimpicos.net/kphc/index.html,2026-10-03T20:06:01.696890+00:00,processed,"[""A Korean competition for middle-school students aiming at the science high schools: thirty multiple-choice questions, in Korean."", ""Files collected from KPhC Website and phoXiv.""]"
33,aupho,AuPhO,Australian Physics Olympiad,National,https://olimpicos.net/aupho/index.html,2026-10-03T20:06:01.710527+00:00,processed,"[""The first round of Australia's selection for the IPhO, a written paper sat in schools and run by Australian Science Innovations."", ""Files collected from AuPhO Website and phoXiv.""]"
34,osn-fisika,OSN Fisika,Olimpiade Sains Nasional Fisika,National,https://olimpicos.net/osn-fisika/index.html,2026-10-03T20:06:01.734390+00:00,processed,"[""The Indonesian national science olympiad, which has included physics since its first edition in Yogyakarta in 2002. Archived here is the district round, the first of four, sat as a written test."", ""Files collected from OSN Fisika Website . District stage (OSN-K; KSN-K in 2020 and 2021, when the competition was renamed Kompetisi Sains Nasional). Papers are in Indonesian."", ""Titles marked * are ours, for problems the exam left unnamed.""]"
35,azpho,AzPhO,Azerbaijan Physics Olympiad,National,https://olimpicos.net/azpho/index.html,2026-10-03T20:06:01.760232+00:00,processed,"[""The Azerbaijani physics olympiad, run by the education ministry's research institute. Archived here is the semi-final round at senior level. No official solutions are published."", ""Files collected from AzPhO Website . Semi-final round, senior level. No official solutions are published."", ""Titles marked * are ours, for problems the exam left unnamed.""]"
36,opho,OPhO,Online Physics Olympiad,Open,https://olimpicos.net/opho/index.html,2026-10-03T20:06:01.794952+00:00,processed,"[""An online olympiad open to anyone, first run in May 2020. Teams of up to three enter an Open contest of numerical problems, and the strongest go through to an Invitational round marked from written solutions."", ""Files collected from OPhO Website ."", ""Titles marked * are ours, for problems the exam left unnamed.""]"
37,physicsbrawl,Physics Brawl,Physics Brawl Online,Open,https://olimpicos.net/physicsbrawl/index.html,2026-10-03T20:06:01.898108+00:00,processed,"[""An online team competition run by FYKOS from 2012, at its peak drawing 1,574 teams from 81 countries. Teams of five had three hours, starting with seven problems and unlocking more as they solved. The organisers ended it in 2025, citing the use of AI."", ""Files collected from Physics Brawl Website . Published by FYKOS under CC BY-SA 3.0 .""]"
38,ortvay,Ortvay,Rudolf Ortvay Competition in Physics,Open,https://olimpicos.net/ortvay/index.html,2026-10-03T20:06:02.111696+00:00,processed,"[""First run in 1970 and open internationally since 1998. It is not a sitting: the problems are published and contestants have about ten days to work at home, submitting at most ten of the thirty-odd offered. No official solutions are published."", ""Files collected from Ortvay Website ."", ""Titles marked * are ours, for problems the exam left unnamed.""]"
39,physicscup,Physics Cup,Physics Cup – TalTech,Open,https://olimpicos.net/physicscup/index.html,2026-10-03T20:06:02.280118+00:00,processed,"[""Jaan Kalda's competition, first run as a warm-up for IPhO 2012 and annual since 2017. One problem is released a month, and each week that passes without a solution publishes a further hint and lowers what the problem is worth."", ""Files collected from Physics Cup Website . Later editions publish problems as web pages rather than PDFs."", ""Titles marked * are ours, for problems the exam left unnamed.""]"
40,baupc,BAUPC,Boston Area Undergraduate Physics Competition,Open,https://olimpicos.net/baupc/index.html,2026-10-03T20:06:02.294828+00:00,processed,"[""A competition for undergraduates in the Boston area, run from 1995 to 2004, known for short, tricky problems; many reappear in Morin's Introduction to Classical Mechanics."", ""Files collected from BAUPC Website and phoXiv.""]"
