l,b,z
84.6473301,33.50800004,-3E-3
131.18620507,51.36953017,-1.42125E-3
242.43787191,45.16754793,-7.35934E-4
305.6268378,60.86312009,-4.67025E-4
171.31666071,-53.43803073,-2.99895E-5
326.5252713,60.31439908,3E-4
175.78960997,-50.8289049,3.84324E-4
133.13657654,52.87733221,6E-4
86.72120976,33.17668072,9.83602E-4
5.57674225,40.75881537,-5.9E-4
116.71518177,-62.35272711,-4.74309E-4
49.83747577,-27.23335656,-3.69703E-4
47.30808783,-26.06632385,-2.39133E-4
51.87308883,37.31830681,0
233.51380125,40.91728421,1.8489E-4
243.17728038,44.74830437,3E-4
185.26470324,-43.19789345,4.52877E-4
133.53108304,54.38820614,-1E-3
142.65487518,56.49131665,0
300.57104214,59.79470888,1.5E-4
49.03067159,-26.18272918,-7.18983E-4
238.12181989,47.5135068,-4.17165E-4
101.22780011,-61.98550195,-3.96856E-4
322.25592697,60.85794593,-2.75477E-4
91.32919067,-59.9184508,-2.68627E-4
125.29686884,55.54989515,-2.51048E-4
250.31766155,56.86568666,-2.34854E-4
125.79747939,-62.52659059,-1.70137E-4
93.08720494,35.45802151,1.74119E-5
49.27366762,-27.86356893,2.26103E-4
155.34946418,-59.51858405,1.01848E-3
84.28386273,34.73199014,-3.92E-3
180.64138267,-46.62680702,-1.40911E-3
132.66849234,51.08342279,3.78327E-4
60.8277805,37.18405096,-6.88284E-4
60.59101249,35.38588546,-5.77858E-4
61.39613625,46.39166995,-3.18055E-4
328.50724197,57.52432422,-1.2071E-4
154.83253438,45.61685779,-1.48889E-5
171.15442545,34.68010488,-2.20123E-4
322.09900111,64.1357182,-1.70556E-4
42.08147073,-31.74775793,-8.09827E-6
74.09797289,-66.19454442,-1.11317E-3
97.5821236,64.05084285,-1.76486E-4
311.05207196,71.31486184,-1.44409E-4
81.30780194,33.70162926,-1.38834E-4
18.71617487,58.502919,-9.39284E-5
44.40950299,-34.49236946,-6.98987E-5
231.03608924,37.30256863,-1.37217E-5
260.87922063,80.38019025,-1.28269E-5
82.6831103,53.27251555,2.37535E-6
150.96904444,48.15285441,7.91286E-5
303.15913603,64.37201992,9.4407E-5
169.70748488,46.01934587,1.35196E-4
150.46014655,71.6582923,2.04392E-4
237.80300477,54.01798501,3.05372E-4
180.25707086,40.19765858,5.7678E-4
233.97529507,37.75742214,5.86046E-4
47.30097104,50.2980111,8.72501E-4
185.73982097,33.71272626,4.01307E-4
66.8114596,42.66506279,1.07871E-4
144.12879168,77.21006625,-3.0613E-3
218.05940769,33.1838962,-1.7448E-3
67.21179254,-29.53415648,-1.65147E-3
89.11875785,32.7879885,-1.63995E-3
42.09154153,41.33358049,-1.52737E-3
74.29462925,46.63652964,-1.51297E-3
53.91870713,34.91791814,-1.45504E-3
52.02722166,33.83190831,-1.4472E-3
56.75759471,-38.53283801,-1.43372E-3
52.20806955,34.36055022,-1.43002E-3
156.35128708,48.38449599,-1.40738E-3
60.50407768,52.33051861,-1.39958E-3
69.99237113,45.16856306,-1.39675E-3
60.35720662,-42.13186785,-1.39555E-3
62.13573515,-44.86349381,-1.3913E-3
55.60023953,58.58828649,-1.36166E-3
72.1321862,47.0739478,-1.35864E-3
63.10569815,42.89671277,-1.35819E-3
53.3104858,45.68939606,-1.34828E-3
46.44481784,38.14721574,-1.33183E-3
39.32388192,37.23840495,-1.32409E-3
65.57807398,57.97776751,-1.30987E-3
71.77399986,60.49578978,-1.30532E-3
146.73658084,47.10866746,-1.30494E-3
84.7536314,-38.86315094,-1.30468E-3
136.84719323,59.34138172,-1.29762E-3
33.43288953,45.75828389,-1.29736E-3
139.16925578,-47.23757122,-1.29522E-3
26.41139015,49.71674305,-1.28915E-3
88.92307466,72.03234489,-1.27057E-3
106.93488834,71.00879675,-1.26838E-3
55.48762046,40.69556194,-1.25935E-3
59.68207157,43.55514163,-1.25837E-3
44.01357534,-37.64284165,-1.25295E-3
81.39099943,72.18592742,-1.24833E-3
53.15208117,33.29834205,-1.23727E-3
70.664894,53.8070879,-1.23621E-3
39.83247954,34.53335506,-1.23469E-3
14.34754621,42.54892201,-1.2325E-3
