item_type,item_id,stage,competition_slug,year,source_problem_id,source_file_id,source_file,source_sha256,detail
unit,raw::4453,source_unavailable,opho,2020,4453,3096,originals/opho/2020/OPhO_2020_Q1-55__7cf16b9b44e59663.pdf,7cf16b9b44e596638d2bc94c6a4862ee3e2d3a84c1abe49dcf156a8ed92c66bd,Printed Q3 explicitly removed from this exam; local source 3096 PDF p 4 contains no physical statement. NULL scope decision preserved.
unit,raw::4485,source_unavailable,opho,2020,4485,3096,originals/opho/2020/OPhO_2020_Q1-55__7cf16b9b44e59663.pdf,7cf16b9b44e596638d2bc94c6a4862ee3e2d3a84c1abe49dcf156a8ed92c66bd,Printed Q35 explicitly removed from this exam; local source 3096 PDF p 16 contains no physical statement. NULL scope decision preserved.
unit,raw::4495,source_unavailable,opho,2020,4495,3096,originals/opho/2020/OPhO_2020_Q1-55__7cf16b9b44e59663.pdf,7cf16b9b44e596638d2bc94c6a4862ee3e2d3a84c1abe49dcf156a8ed92c66bd,Printed Q45 explicitly removed from this exam; local source 3096 PDF p 20 contains no physical statement. NULL scope decision preserved.
unit,raw::4336,source_unavailable,opho,2023,4336,3083,originals/opho/2023/OPhO_2023_Q1-35__237aacd133c739b9.pdf,237aacd133c739b9b65525b963dd11c129d83b599f2a7584fc88aab5a2027a35,
unit,raw::4324,source_unavailable,opho,2024,4324,3077,originals/opho/2024/OPhO_2024_Q1-35__1b383ba483a1d5a6.pdf,1b383ba483a1d5a66a8b6631f91a03a78727646d99dda22d7c9c75e416c566be,
unit,raw::4274,source_unavailable,opho,2025,4274,3071,originals/opho/2025/OPhO_2025_Q1-35__28a32ed4c129b446.pdf,28a32ed4c129b44619ee4c7c2801a77a724bfaf0a16a2fe0abecd7b0f565378e,OPhO 2025 Open physical page 10 explicitly says Problem 24 was removed from the test. No statement exists in this paper; no physics decision manufactured.
unit,raw::5955,source_unavailable,ortvay,2008,5955,3134,originals/ortvay/2008/Ortvay_2008_Q1-36__c81509a5b0fafd1f.pdf,c81509a5b0fafd1f39faa6b3943b5bf6efaf79bb545080a2f03acc5d84b08fff,Essential source-linked comparison data unavailable; the mathematical random-download model alone is not used to rescue a subpart.
unit,raw::5921,source_unavailable,ortvay,2009,5921,3131,originals/ortvay/2009/Ortvay_2009_Q1-31__590303f526aa64de.pdf,590303f526aa64ded5492af6c6bcc96c99e241714b2f3574cf9bbc8a16ac4bca,"Essential historical shuffle algorithm missing. Uniform random-permutation mathematics may be intended, but a current fairness claim does not establish the exact stated algorithm."
unit,raw::5767,source_unavailable,ortvay,2014,5767,3126,originals/ortvay/2014/Ortvay_2014_Q1-35__5204c77cb968fc02.pdf,5204c77cb968fc02e9f795cdd5ced23a5334a6d61b0a50e638f58ced643adeb3,"Q34 physical p7 contains only a link to an essential satellite image, not the image. Original HTTP/HTTPS sandstorm.ps both return 404; original year directory has no abrak folder; exact source archive lookup returned 503. Actual image unavailable; no scope decision guessed. See reviews/shutdown_ortvay_2014_external_availability.json."
unit,raw::5525,source_unavailable,ortvay,2020,5525,3119,originals/ortvay/2020/Ortvay_2020_Q1-28__7611c58d331528c4.pdf,7611c58d331528c4f0f4ed06b46a5955929756e6674befe95b4dc2aff044dbe6,Physical source p5 explicitly states Problem 10 withdrawn (26 October 19:52 CET). No statement remains; preserve acquisition row with NULL decision.
