item_type,item_id,stage,code,detail
unit,raw::4453,source_unavailable,SOURCE_REMOVED_STATEMENT_UNAVAILABLE,Printed Q3 explicitly removed from this exam; local source 3096 PDF p 4 contains no physical statement. NULL scope decision preserved.
unit,raw::4485,source_unavailable,SOURCE_REMOVED_STATEMENT_UNAVAILABLE,Printed Q35 explicitly removed from this exam; local source 3096 PDF p 16 contains no physical statement. NULL scope decision preserved.
unit,raw::4495,source_unavailable,SOURCE_REMOVED_STATEMENT_UNAVAILABLE,Printed Q45 explicitly removed from this exam; local source 3096 PDF p 20 contains no physical statement. NULL scope decision preserved.
unit,raw::4336,source_unavailable,SOURCE_REMOVED_STATEMENT_UNAVAILABLE,
unit,raw::4324,source_unavailable,SOURCE_REMOVED_STATEMENT_UNAVAILABLE,
unit,raw::4274,source_unavailable,SOURCE_REMOVED_STATEMENT_UNAVAILABLE,OPhO 2025 Open physical page 10 explicitly says Problem 24 was removed from the test. No statement exists in this paper; no physics decision manufactured.
unit,raw::5955,source_unavailable,SOURCE_REMOVED_STATEMENT_UNAVAILABLE,Essential source-linked comparison data unavailable; the mathematical random-download model alone is not used to rescue a subpart.
unit,raw::5921,source_unavailable,SOURCE_REMOVED_STATEMENT_UNAVAILABLE,"Essential historical shuffle algorithm missing. Uniform random-permutation mathematics may be intended, but a current fairness claim does not establish the exact stated algorithm."
unit,raw::5767,source_unavailable,SOURCE_REMOVED_STATEMENT_UNAVAILABLE,"Q34 physical p7 contains only a link to an essential satellite image, not the image. Original HTTP/HTTPS sandstorm.ps both return 404; original year directory has no abrak folder; exact source archive lookup returned 503. Actual image unavailable; no scope decision guessed. See reviews/shutdown_ortvay_2014_external_availability.json."
unit,raw::5525,source_unavailable,SOURCE_REMOVED_STATEMENT_UNAVAILABLE,Physical source p5 explicitly states Problem 10 withdrawn (26 October 19:52 CET). No statement remains; preserve acquisition row with NULL decision.
