reference_id,screening_unit_id,physical_reference_id,url,source_file,sha256,purpose
arxiv_2412.13580v2,raw::5420,arxiv_2412.13580v2,https://arxiv.org/pdf/2412.13580v2,references/arxiv_2412.13580v2.pdf,a423858750b0d8fd643ccdb7631b64598c1101d5e5fbc4589275aba124fce7f3,Explicitly linked in Ortvay 2025 Q23; finite binary spin-state graph and Figure 10 needed to interpret its topology task.
us2022_collision_2022-final_windows,raw::1114,us2022_collision_2022-final_windows,https://github.com/USPhysicsTeam/2022-future-circular-collider/releases/download/2022-final/collision-black-box-windows.exe,references/us2022_collision_2022-final_windows.exe,3f766ee0f0a83c20daabb3870ae09510ab00704a86a644483bca2982bc4434e5,Essential simulated experiment for US 2022 camp problem 4. Statement explicitly links the USPhysicsTeam repository; published 2022-final release supplies wall/disk collision measurements. Binary retained without execution; Rust source archive retained for reproducibility.
us2022_collision_2022-final_source,raw::1114,us2022_collision_2022-final_source,https://api.github.com/repos/USPhysicsTeam/2022-future-circular-collider/zipball/2022-final,references/us2022_collision_2022-final_source.zip,28a188efe7156e87c5756d40769efb70d8cb176d8e18b389cde482a077fd5c95,Essential simulated experiment for US 2022 camp problem 4. Statement explicitly links the USPhysicsTeam repository; published 2022-final release supplies wall/disk collision measurements. Binary retained without execution; Rust source archive retained for reproducibility.
ortvay_2024_piszkes,raw::5423,ortvay_2024_piszkes,https://ortvay.elte.hu/2024/piszkes.jpg,references/ortvay_2024_piszkes.jpg,69f3a71d5b4c65e28e0da9440e14a57d1216c9fac0cbbb064fd122920b18fd10,Full-resolution photograph explicitly linked in Ortvay 2024 Q1; essential for horizon measurement and uncertainty analysis.
ortvay_2020_p05_data_EN,raw::5520,ortvay_2020_p05_data_EN,https://ortvay.elte.hu/2020/p05/p05_data_EN.txt,references/ortvay_2020_p05_data_EN.txt,4f40243014e84d05b899593113edc6a12cffc5b0d19548f2e18087abe07f4dbb,"Essential original time-temperature data linked from physical statement p3 via https://ortvay.elte.hu/2020/p05/; verified 11 heating and 31 cooling pairs, finite values and increasing time axes."
ortvay_2017_q36_arxiv_1605.01087v3,raw::5662,ortvay_2017_q36_arxiv_1605.01087v3,https://arxiv.org/pdf/1605.01087v3,references/ortvay_2017_q36_arxiv_1605.01087v3.pdf,9165c7769adea5e6a03220d55cf74a30a09fad4eee2166eb98c53c4844745b12,Explicit source-linked model supplied by Q36 p10. Sections II-III and Appendix equations24-33 read; renders checked. Essential to future use.
ortvay_2016_q08_h_vs_t,raw::5674,ortvay_2016_q08_h_vs_t,https://oroszl.web.elte.hu/szamprob/notebooks/Package05/data/BAUMGARTNER/h_vs_t,references/ortvay_2016_q08_h_vs_t.txt,cd98ebb65455299c6caa7ed7a595be992e79ef4710d8ae92070b7ccffe45cd7f,"Essential source-linked Baumgartner numerical h_vs_t dataset for Q8 physical p3. 324 finite samples. Original headerless bytes retained; units not stated in file. Velocity km/h interpretation is inferred by consistency with height derivative, not inserted into data."
ortvay_2016_q08_v_vs_t,raw::5674,ortvay_2016_q08_v_vs_t,https://oroszl.web.elte.hu/szamprob/notebooks/Package05/data/BAUMGARTNER/v_vs_t,references/ortvay_2016_q08_v_vs_t.txt,90368299ade77c057e4c01f7aea687b9b5159df61bf8756b8976a9fc93fdb845,"Essential source-linked Baumgartner numerical v_vs_t dataset for Q8 physical p3. 598 finite samples. Original headerless bytes retained; units not stated in file. Velocity km/h interpretation is inferred by consistency with height derivative, not inserted into data."
ortvay_2014_q35_DR7_statement_sample_100,raw::5768,ortvay_2014_q35_DR7_statement_sample_100,https://skyserver.sdss.org/dr7/en/tools/search/x_sql.asp?cmd=SELECT+TOP+100+p.l%2C+p.b%2C+s.z+FROM+SpecObj+s+INNER+JOIN+Star+p+ON+p.objID+%3D+s.bestObjID+WHERE+s.SpecClass+%3D+1&format=csv,references/ortvay_2014_q35_DR7_statement_sample_100.csv,b81f1abf91fe1e8f2b80d58233fbb7ba5fc6f4af860a3e59d972d13fbbb6089d,Original statement TOP 100 example executed against live official DR7 endpoint; 100 finite Galactic coordinates/redshifts validated. This unordered illustrative sample is not a complete or representative exercise dataset; contestant-selected larger DR7 query remains required.
ortvay_2012_q29_atmosphere_2011,raw::5828,ortvay_2012_q29_atmosphere_2011,https://upload.wikimedia.org/wikipedia/commons/archive/9/9d/20141031174254%21Comparison_US_standard_atmosphere_1962.svg,references/ortvay_2012_q29_atmosphere_2011.svg,9c9a23a9703eb40d8509732cc37d12a13153a341aee3eb45fca91608ee7078d8,"Statement-linked altitude/temperature/sound-speed graph, 2011 version. Cmglee, CC BY-SA 3.0 https://creativecommons.org/licenses/by-sa/3.0/; original bytes unchanged. The pre-2014 revision retains the chart available in 2012; current 2015 revision corrects a temperature-axis scale error. Both variants preserved explicitly, not silently substituted."
ortvay_2012_q29_atmosphere_current,raw::5828,ortvay_2012_q29_atmosphere_current,https://upload.wikimedia.org/wikipedia/commons/9/9d/Comparison_US_standard_atmosphere_1962.svg?download=1,references/ortvay_2012_q29_atmosphere_current.svg,724629b682982eb6f09cb048d42091f536b61c08f782e94aaed4f04203fc19f3,"Statement-linked altitude/temperature/sound-speed graph, current version. Cmglee, CC BY-SA 3.0 https://creativecommons.org/licenses/by-sa/3.0/; original bytes unchanged. The pre-2014 revision retains the chart available in 2012; current 2015 revision corrects a temperature-axis scale error. Both variants preserved explicitly, not silently substituted."
ortvay_2012_q29_graph_attribution,raw::5828,ortvay_2012_q29_graph_attribution,https://commons.wikimedia.org/wiki/File:Comparison_US_standard_atmosphere_1962.svg,references/ortvay_2012_q29_graph_attribution.txt,712df4a0a219c401d862d384edf4c6296e51be3deb505823a5e48a4e053a2b82,Attribution/license and explicit historical versus corrected-axis guidance accompanying both statement-linked original chart variants.
ortvay_2011_q40_US_life_tables_2007,raw::5868,ortvay_2011_q40_US_life_tables_2007,https://www.cdc.gov/nchs/data/nvsr/nvsr59/nvsr59_09.pdf,references/ortvay_2011_q40_US_life_tables_2007.pdf,c57790f4ded49d9d92eb26afe7139a18ea48c62b5943e916b910c0c959a8ce8c,"Real life-table data available from the original statement-linked CDC Life Tables portal: US 2007 period table report published 28 September 2011. Complete total-population age/death/survival table spans physical pp8-9, actually read and rendered. Historical 2007 dataset explicitly chosen, not contemporary individual mortality guidance."
ortvay_2010_q32_Berry_Mondragon_1987,raw::5902,ortvay_2010_q32_Berry_Mondragon_1987,https://michaelberryphysics.wordpress.com/wp-content/uploads/2013/07/berry161.pdf,references/ortvay_2010_q32_Berry_Mondragon_1987.pdf,d812c3ca3f4185bd231e3e19439c196c5844f6f8e5f0ac30f41849e9ede523d0,"Exact research paper explicitly cited in Q32: Berry and Mondragon, Proc R Soc A 412 (1987) 53-74, DOI 10.1098/rspa.1987.0080. Author-hosted copy recovered via author publications entry 161. Physical pp1-8 actually rendered/read: explicit Pauli matrices, full coordinate PDE, current and scalar-wall boundary model supply the problem prerequisite. Copyright retained; no unrelated quantum reference added."
ortvay_2004_q1_budapest_original,raw::6080,ortvay_2004_q1_budapest_original,https://ortvay.elte.hu/2004/budapest.jpg,references\ortvay_2004_q1_budapest_original.jpg,6a703e3b852946fc1978359c93dc97568b504353a80a1cd3ceaa1b4e76a8b5ab,"Original explicitly linked satellite image, essential to Q1 timing and cloud-height inference; original JPEG decoded, visually inspected and preserved without edits."
ortvay_2001_q19_sheehan_provenance,raw::6205,ortvay_2001_q19_sheehan_provenance,https://www.padrak.com/ine/SHEEHAN.html,references\ortvay_2001_q19_sheehan_provenance.json,d07e091cb16faaaeabe1ec9e279b2d59b82ddf85b5f0c1eb287f9d1d90796402,"Provenance-only artifact for essential online article read: original URL, remote hash and model-inspection status. Full text not republished because source reserves copying. This JSON is not a full local article copy."
ortvay_1998_q35_roland_original,raw::6326,ortvay_1998_q35_roland_original,https://ortvay.elte.hu/1998/roland.jpg,references\ortvay_1998_q35_roland_original.jpg,4ba6dd7294373c9a08c729b9143bd6cd81c87c7450675c97e1356188d6f9b3e3,"Original explicitly source-linked mountain-notch photograph; decoded and visually inspected, preserved without editing for Q35 geometric estimation."
apho2022_simulator_archive_326,raw::326,apho2022_simulator_archive_326,https://codeload.github.com/apho2022/apho2022.github.io/zip/5f5ccc6c003c3fc4f037007eee4c1f9c93d7391e,references\apho2022_simulators_5f5ccc6c003c3fc4f037007eee4c1f9c93d7391e.zip,ad305db8bb7f027d1738257f6ccf2e9d0ce561f9350722ea7a4ffc635f8a4df3,Essential source-linked simulation archive pinned at commit 5f5ccc6c003c3fc4f037007eee4c1f9c93d7391e. Both statement PDFs SHA-identical to immutable raw originals. Simulator authors match printed source. CRC/SHA and isolated local headless loading checked; known acoustic moving-detector defect disclosed in reviews/shutdown_apho_2022_simulator_validation.json. Archive original files unmodified; serve repository root over HTTP because assets use root-relative URLs.
apho2022_simulator_archive_327,raw::327,apho2022_simulator_archive_326,https://codeload.github.com/apho2022/apho2022.github.io/zip/5f5ccc6c003c3fc4f037007eee4c1f9c93d7391e,references\apho2022_simulators_5f5ccc6c003c3fc4f037007eee4c1f9c93d7391e.zip,ad305db8bb7f027d1738257f6ccf2e9d0ce561f9350722ea7a4ffc635f8a4df3,Essential source-linked simulation archive pinned at commit 5f5ccc6c003c3fc4f037007eee4c1f9c93d7391e. Both statement PDFs SHA-identical to immutable raw originals. Simulator authors match printed source. CRC/SHA and isolated local headless loading checked; known acoustic moving-detector defect disclosed in reviews/shutdown_apho_2022_simulator_validation.json. Archive original files unmodified; serve repository root over HTTP because assets use root-relative URLs.
